<?xml version="1.0"?>
<!--
/**
 * Softnoesis
 * Copyright(C) 04/2023 Softnoesis <ideveloper1990@gmail.com>
 * @package Softnoesis_CancelOrder
 * @copyright Copyright(C) 2015 Softnoesis (ideveloper1990@gmail.com)
 * @author Softnoesis <ideveloper1990@gmail.com>
 */
-->
<schema xmlns:xsi="http://www.w3.org/2001/XMLSchema-instance" xsi:noNamespaceSchemaLocation="urn:magento:framework:Setup/Declaration/Schema/etc/schema.xsd">
    <!-- create Softnoesisorder cancel request -->
    <table name="Softnoesisorder_cancel_request" resource="default" comment="Softnoesisorder cancel request">
        <column xsi:type="int" name="Id" padding="10" identity="true" unsigned="true" nullable="false" comment="Id"/>
        <column xsi:type="int" name="request_id" nullable="false" unsigned="true" padding="10" comment="Request Id"/>
        <column xsi:type="text" name="order_cancel_reason" nullable="false" comment="Order Cancel Reason"/>
        <column xsi:type="text" name="status" nullable="false" comment="Status"/>
        <column xsi:type="text" name="state" nullable="false" comment="State"/>
        <column xsi:type="text" name="customer_email" nullable="false" comment="Customer Name"/>
        <column xsi:type="text" name="customer_name" nullable="false" comment="Customer Email"/>
        <column xsi:type="timestamp" name="created_at" on_update="false" nullable="false"
            default="CURRENT_TIMESTAMP" comment="Created At"/>
        <constraint xsi:type="primary" referenceId="PRIMARY">
            <column name="Id"/>
        </constraint>
        <index referenceId="Softnoesisorder_cancel_request" indexType="fulltext">
            <column name="status"/>
            <column name="order_cancel_reason"/>
            <column name="customer_email"/>
            <column name="customer_name"/>
        </index>
        <constraint xsi:type="foreign" referenceId="SoftnoesisORDER_CANCEL_REQUEST_REQUEST_ID_SALES_ORDER_ENTITY_ID" table="Softnoesisorder_cancel_request" column="request_id" referenceTable="sales_order" referenceColumn="entity_id" onDelete="CASCADE"/>
    </table>
</schema>
