<?xml version="1.0"?>
<!--
/**
 * Softnoesis
 * Copyright(C) 04/2023 Softnoesis <ideveloper1990@gmail.com>
 * @package Softnoesis_CancelOrder
 * @copyright Copyright(C) 2015 Softnoesis (ideveloper1990@gmail.com)
 * @author Softnoesis <ideveloper1990@gmail.com>
 */
-->
 <config xmlns:xsi="http://www.w3.org/2001/XMLSchema-instance" xsi:noNamespaceSchemaLocation="urn:magento:framework:ObjectManager/etc/config.xsd">
    <virtualType name="Softnoesis\CancelOrder\Model\ResourceModel\OrderCancel\OrderCancel\Collection" type="Magento\Framework\View\Element\UiComponent\DataProvider\SearchResult">
        <arguments>
            <argument name="mainTable" xsi:type="string">Softnoesisorder_cancel_request</argument>
            <argument name="resourceModel" xsi:type="string">Softnoesis\CancelOrder\Model\ResourceModel\OrderCancel</argument>
        </arguments>
    </virtualType>
    <type name="Magento\Framework\View\Element\UiComponent\DataProvider\CollectionFactory">
        <arguments>
            <argument name="collections" xsi:type="array">
                <item name="ks_ordercancel_record_ordercancel_list_data_source" xsi:type="string">Softnoesis\CancelOrder\Model\ResourceModel\OrderCancel\OrderCancel\Collection</item>
            </argument>
        </arguments>
    </type>
</config>